Word,Tag,Response
Secret,# Curiosity,attentive%100
Confidential,# Curiosity,attentive%100
Controversial,# Curiosity,attentive%100
Underground,# Curiosity,attentive%100
What no one tells you,# Curiosity,attentive%100
Have you heard,# Curiosity,attentive%100
Cover-up,# Curiosity,attentive%100
Forbidden,# Curiosity,attentive%100
Banned,# Curiosity,attentive%100
Behind the Scenes,# Curiosity,attentive%100
Secret agenda,# Curiosity,attentive%100
Secret plot,# Curiosity,attentive%100
Insider,# Curiosity,attentive%100
Off-the record,# Curiosity,attentive%100
Blacklisted,# Curiosity,attentive%100
Censored,# Curiosity,attentive%100
Concealed,# Curiosity,attentive%100
Confessions,# Curiosity,attentive%100
Unbelievable,# Curiosity,attentive%100
Covert,# Curiosity,attentive%100
No one talks about,# Curiosity,attentive%100
Hidden,# Curiosity,attentive%100
underground,# Curiosity,attentive%100
Magical,# Urgency,
Instantly,# Urgency,
Missing Out,# Urgency,
Left behind,# Urgency,
Magnificent,# Urgency,
Miracle,# Urgency,
Most Important,# Urgency,
Profitable,# Urgency,
Proven,# Urgency,
Quick,# Urgency,
Remarkable,# Urgency,
Results,# Urgency,
Revolutionary,# Urgency,
Safe,# Urgency,
Save,# Urgency,
Sensational,# Urgency,
Should,# Urgency,
Startling,# Urgency,
Strongly agree/ recommend,# Urgency,
Strongly suggest,# Urgency,
Superb,# Urgency,
Superior,# Urgency,
Tremendous,# Urgency,
Truly,# Urgency,
Trustworthy,# Urgency,
Urge,# Urgency,
Worthwhile,# Urgency,
Deadline,# Urgency,
Limited,# Urgency,
Seize,# Urgency,
bargain,# Urgency,
Discount,# Urgency,
Explode,# Urgency,
Extra,# Urgency,
Fortune,# Urgency,
Freebie,# Urgency,
Jackpot,# Urgency,
Reduced,# Urgency,
Instant Savings,# Urgency,
Skyrocket,# Urgency,
Immediately,# Urgency,
Imminently ,# Urgency,
doubtful,# Confusion,
uncertain,# Confusion,
indecisive,# Confusion,
perplexed,# Confusion,
embarrassed,# Confusion,
hesitant,# Confusion,
disillusioned,# Confusion,
distrustful,# Confusion,
misgiving,# Confusion,
unsure,# Confusion,
tense,# Confusion,
stressed,# Confusion,
uncomfortable,# Confusion,
dishonest,# Confusion,
disdainful,# Confusion,
manipulative,# Confusion,
judgmental,# Confusion,
argumentative,# Confusion,
authoritative,# Confusion,
condescending,# Confusion,
distracted,# Confusion,
disoriented,# Confusion,
off-kilter,# Confusion,
frenzied,# Confusion,
blushing,# Confusion,
awkward,# Confusion,
incapable,# Confusion,
paralyzed,# Confusion,
fatigued,# Confusion,
inferior,# Confusion,
vulnerable,# Confusion,
distressed,# Confusion,
pathetic,# Confusion,
distraught,# Confusion,
doomed,# Confusion,
overwhelmed,# Confusion,
incompetent,# Confusion,
incapacitated,# Confusion,
trapped,# Confusion,
squirming,# Confusion,
jittery,# Confusion,
woozy,# Confusion,
twitching,# Confusion,
compulsive,# Confusion,
uncaring,# Confusion,
uninterested,# Confusion,
unresponsive,# Confusion,
terrified,# Confusion,
suspicious,# Confusion,
anxious,# Confusion,
alarmed,# Confusion,
panicked,# Confusion,
threatened,# Confusion,
cowardly,# Confusion,
insecure,# Confusion,
Deceived ,# Confusion,
Helplessness,# Confusion,
Disempowered,# Confusion,
Ordeal,# Anger,frustrated%100
Outrageousness,# Anger,frustrated%100
Provoke,# Anger,frustrated%100
Repulsive,# Anger,frustrated%100
Scandal,# Anger,frustrated%100
Severe,# Anger,frustrated%100
Shameful,# Anger,frustrated%100
Shocking,# Anger,frustrated%100
Terrible,# Anger,frustrated%100
Tragic,# Anger,frustrated%100
Unreliable,# Anger,frustrated%100
Unstable,# Anger,frustrated%100
Wicked,# Anger,frustrated%100
Aggravate,# Anger,frustrated%100
Agony,# Anger,frustrated%100
Appalled,# Anger,frustrated%100
Atrocious,# Anger,frustrated%100
Corrupting,# Anger,frustrated%100
Damaging,# Anger,frustrated%100
Deplorable,# Anger,frustrated%100
Disadvantages,# Anger,frustrated%100
Disastrous,# Anger,frustrated%100
Disgusted,# Anger,frustrated%100
Dreadful,# Anger,frustrated%100
Eliminate,# Anger,frustrated%100
Harmful,# Anger,frustrated%100
Harsh,# Anger,frustrated%100
Inconsiderate,# Anger,frustrated%100
enraged,# Anger,frustrated%100
offensive,# Anger,frustrated%100
aggressive,# Anger,frustrated%100
frustrated,# Anger,frustrated%100
controlling,# Anger,frustrated%100
resentful,# Anger,frustrated%100
malicious,# Anger,frustrated%100
infuriated,# Anger,frustrated%100
critical,# Anger,frustrated%100
violent,# Anger,frustrated%100
vindictive,# Anger,frustrated%100
sadistic,# Anger,frustrated%100
spiteful,# Anger,frustrated%100
furious,# Anger,frustrated%100
agitated,# Anger,frustrated%100
antagonistic,# Anger,frustrated%100
repulsed,# Anger,frustrated%100
quarrelsome,# Anger,frustrated%100
venomous,# Anger,frustrated%100
rebellious,# Anger,frustrated%100
exasperated,# Anger,frustrated%100
impatient,# Anger,frustrated%100
contrary,# Anger,frustrated%100
condemning,# Anger,frustrated%100
seething,# Anger,frustrated%100
scornful,# Anger,frustrated%100
sarcastic,# Anger,frustrated%100
poisonous,# Anger,frustrated%100
jealous,# Anger,frustrated%100
ticked off,# Anger,frustrated%100
revengeful,# Anger,frustrated%100
retaliating,# Anger,frustrated%100
reprimanding,# Anger,frustrated%100
powerless,# Anger,frustrated%100
despicable,# Anger,frustrated%100
self-hating,# Anger,frustrated%100
desperate,# Anger,frustrated%100
alienated,# Anger,frustrated%100
pessimistic,# Anger,frustrated%100
dejected,# Anger,frustrated%100
vilified,# Anger,frustrated%100
unjustified,# Anger,frustrated%100
violated,# Anger,frustrated%100
Accurate,# Safe / Satisfied ,
instantly,# Safe / Satisfied ,
Advantage,# Safe / Satisfied ,
Always,# Safe / Satisfied ,
A cut above,# Safe / Satisfied ,
Bargain,# Safe / Satisfied ,
Certain,# Safe / Satisfied ,
Certainly,# Safe / Satisfied ,
Confident,# Safe / Satisfied ,
Convenient,# Safe / Satisfied ,
Definitely,# Safe / Satisfied ,
Delighted,# Safe / Satisfied ,
Easy,# Safe / Satisfied ,
Ecstatic,# Safe / Satisfied ,
Effective,# Safe / Satisfied ,
Emphasize,# Safe / Satisfied ,
Extremely,# Safe / Satisfied ,
Freedom,# Safe / Satisfied ,
Guaranteed,# Safe / Satisfied ,
Highly effective/ likely,# Safe / Satisfied ,
Introducing,# Safe / Satisfied ,
First ever,# Safe / Satisfied ,
Investment,# Safe / Satisfied ,
conscientious,# Safe / Satisfied ,
approving,# Safe / Satisfied ,
honored,# Safe / Satisfied ,
privileged,# Safe / Satisfied ,
adaptable,# Safe / Satisfied ,
relaxed,# Safe / Satisfied ,
Astonishing,# Safe / Satisfied ,
Astounded,# Safe / Satisfied ,
assured,# Safe / Satisfied ,
fulfilled,# Safe / Satisfied ,
genuine,# Safe / Satisfied ,
authentic,# Safe / Satisfied ,
self-sufficient,# Safe / Satisfied ,
reliable,# Safe / Satisfied ,
sure,# Safe / Satisfied ,
secure,# Safe / Satisfied ,
stable,# Safe / Satisfied ,
honest,# Safe / Satisfied ,
truthful,# Safe / Satisfied ,
supportive,# Safe / Satisfied ,
excellent,# Safe / Satisfied ,
responsible,# Safe / Satisfied ,
solid,# Safe / Satisfied ,
trusting,# Safe / Satisfied ,
supported,# Safe / Satisfied ,
Absolutely,# Safe / Satisfied ,
Bargain,# Safe / Satisfied ,
clarity,# Safe / Satisfied ,
transparency,# Safe / Satisfied ,
humility,# Safe / Satisfied ,
blissful,#Happy,happy%100
joyous,#Happy,happy%100
delighted,#Happy,happy%100
overjoyed,#Happy,happy%100
gleeful,#Happy,happy%100
thankful,#Happy,happy%100
festive,#Happy,happy%100
ecstatic,#Happy,happy%100
satisfied,#Happy,happy%100
cheerful,#Happy,happy%100
sunny,#Happy,happy%100
elated,#Happy,happy%100
jubilant,#Happy,happy%100
jovial,#Happy,happy%100
fun-loving,#Happy,happy%100
lighthearted,#Happy,happy%100
glorious,#Happy,happy%100
innocent,#Happy,happy%100
child-like,#Happy,happy%100
gratified,#Happy,happy%100
euphoric,#Happy,happy%100
on top of the,#Happy,happy%100
world,#Happy,happy%100
playful,#Happy,happy%100
courageous,#Happy,happy%100
energetic,#Happy,happy%100
liberated,#Happy,happy%100
optimistic,#Happy,happy%100
frisky,#Happy,happy%100
animated,#Happy,happy%100
spirited,#Happy,happy%100
thrilled,#Happy,happy%100
wonderful,#Happy,happy%100
funny,#Happy,happy%100
intelligent,#Happy,happy%100
exhilarated,#Happy,happy%100
spunky,#Happy,happy%100
youthful,#Happy,happy%100
vigorous,#Happy,happy%100
tickled,#Happy,happy%100
creative,#Happy,happy%100
constructive,#Happy,happy%100
helpful,#Happy,happy%100
resourceful,#Happy,happy%100
at ease,#Happy,happy%100
comfortable,#Happy,happy%100
pleased,#Happy,happy%100
encouraged,#Happy,happy%100
surprised,#Happy,happy%100
content,#Happy,happy%100
serene,#Happy,happy%100
bright,#Happy,happy%100
blessed,#Happy,happy%100
Vibrant,#Happy,happy%100
Bountiful,#Happy,happy%100
Glowing,#Happy,happy%100
motivated,# Inspired ,
eager,# Inspired ,
keen,# Inspired ,
earnest,# Inspired ,
inspired,# Inspired ,
enthusiastic,# Inspired ,
bold,# Inspired ,
brave,# Inspired ,
daring,# Inspired ,
hopeful,# Inspired ,
upbeat,# Inspired ,
assured,# Inspired ,
clear,# Inspired ,
balanced,# Inspired ,
fine,# Inspired ,
okay,# Inspired ,
grateful,# Inspired ,
carefree,# Inspired ,
adequate,# Inspired ,
fulfilled,# Inspired ,
genuine,# Inspired ,
authentic,# Inspired ,
forgiving,# Inspired ,
sincere,# Inspired ,
uplifted,# Inspired ,
unburdened,# Inspired ,
confident,# Inspired ,
self-sufficient,# Inspired ,
reliable,# Inspired ,
sure,# Inspired ,
unique,# Inspired ,
dynamic,# Inspired ,
tenacious,# Inspired ,
cooperative,# Inspired ,
productive,# Inspired ,
exuberant,# Inspired ,
in the zone,# Inspired ,
responsive,# Inspired ,
conscientious,# Inspired ,
approving,# Inspired ,
honored,# Inspired ,
privileged,# Inspired ,
adaptable,# Inspired ,
Empowered,# Inspired ,
Focused,# Inspired ,
Capable,# Inspired ,
calm,#Relaxed,relaxed%100
at ease,#Relaxed,relaxed%100
comfortable,#Relaxed,relaxed%100
content,#Relaxed,relaxed%100
quiet,#Relaxed,relaxed%100
certain,#Relaxed,relaxed%100
relaxed,#Relaxed,relaxed%100
serene,#Relaxed,relaxed%100
bright,#Relaxed,relaxed%100
blessed,#Relaxed,relaxed%100
balanced,#Relaxed,relaxed%100
grateful,#Relaxed,relaxed%100
carefree,#Relaxed,relaxed%100
fulfilled,#Relaxed,relaxed%100
genuine,#Relaxed,relaxed%100
authentic,#Relaxed,relaxed%100
forgiving,#Relaxed,relaxed%100
sincere,#Relaxed,relaxed%100
uplifted,#Relaxed,relaxed%100
unburdened,#Relaxed,relaxed%100
confident,#Relaxed,relaxed%100
self-sufficient,#Relaxed,relaxed%100
glowing,#Relaxed,relaxed%100
radiant,#Relaxed,relaxed%100
beaming,#Relaxed,relaxed%100
reflective,#Relaxed,relaxed%100
smiling,#Relaxed,relaxed%100
grounded,#Relaxed,relaxed%100
unhurried,#Relaxed,relaxed%100
open-minded,#Relaxed,relaxed%100
efficient,#Relaxed,relaxed%100
non-controlling,#Relaxed,relaxed%100
unassuming,#Relaxed,relaxed%100
trusting,#Relaxed,relaxed%100
supported,#Relaxed,relaxed%100
fluid,#Relaxed,relaxed%100
light,#Relaxed,relaxed%100
spontaneous,#Relaxed,relaxed%100
aware,#Relaxed,relaxed%100
healthy,#Relaxed,relaxed%100
meditative,#Relaxed,relaxed%100
still,#Relaxed,relaxed%100
rested,#Relaxed,relaxed%100
waiting,#Relaxed,relaxed%100
laughing,#Relaxed,relaxed%100
graceful,#Relaxed,relaxed%100
natural,#Relaxed,relaxed%100
steady,#Relaxed,relaxed%100
centered,#Relaxed,relaxed%100
placid,#Relaxed,relaxed%100
Clear,#Relaxed,relaxed%100
Stoic,#Relaxed,relaxed%100
Aligned,#Relaxed,relaxed%100
understanding,#OPEN,
confident,#OPEN,
reliable,#OPEN,
easy,#OPEN,
amazed,#OPEN,
free,#OPEN,
sympathetic,#OPEN,
interested,#OPEN,
satisfied,#OPEN,
receptive,#OPEN,
accepting,#OPEN,
kind,#OPEN,
great,HAPPY,
gay,HAPPY,
joyous,HAPPY,
lucky,HAPPY,
fortunate,HAPPY,
delighted,HAPPY,
overjoyed,HAPPY,
gleeful,HAPPY,
thankful,HAPPY,
important,HAPPY,
festive,HAPPY,
ecstatic,HAPPY,
satisfied,HAPPY,
glad,HAPPY,
cheerful,HAPPY,
sunny,HAPPY,
merry,HAPPY,
elated,HAPPY,
jubilant,HAPPY,
playful,ALIVE,
courageous,ALIVE,
energetic,ALIVE,
liberated,ALIVE,
optimistic,ALIVE,
provocative,ALIVE,
impulsive,ALIVE,
free,ALIVE,
frisky,ALIVE,
animated,ALIVE,
spirited,ALIVE,
thrilled,ALIVE,
wonderful,ALIVE,
calm,GOOD,
peaceful,GOOD,
at ease,GOOD,
comfortable,GOOD,
pleased,GOOD,
encouraged,GOOD,
clever,GOOD,
surprised,GOOD,
content,GOOD,
quiet,GOOD,
certain,GOOD,
relaxed,GOOD,
serene,GOOD,
free and easy,GOOD,
bright,GOOD,
blessed,GOOD,
reassured,GOOD,
loving,LOVE,
considerate,LOVE,
affectionate,LOVE,
sensitive,LOVE,
tender,LOVE,
devoted,LOVE,
attracted,LOVE,
passionate,LOVE,
admiration,LOVE,
warm,LOVE,
touched,LOVE,
sympathy,LOVE,
close,LOVE,
loved,LOVE,
comforted,LOVE,
drawn toward,LOVE,
concerned,INTERESTED,
affected,INTERESTED,
fascinated,INTERESTED,
intrigued,INTERESTED,
absorbed,INTERESTED,
inquisitive,INTERESTED,
nosy,INTERESTED,
snoopy,INTERESTED,
engrossed,INTERESTED,
curious,INTERESTED,
eager,POSITIVE,
keen,POSITIVE,
earnest,POSITIVE,
intent,POSITIVE,
anxious,POSITIVE,
inspired,POSITIVE,
determined,POSITIVE,
excited,POSITIVE,
enthusiastic,POSITIVE,
bold,POSITIVE,
brave,POSITIVE,
daring,POSITIVE,
challenged,POSITIVE,
optimistic,POSITIVE,
re-enforced,POSITIVE,
confident,POSITIVE,
hopeful,POSITIVE,
impulsive,STRONG,
free,STRONG,
sure,STRONG,
certain,STRONG,
rebellious,STRONG,
unique,STRONG,
dynamic,STRONG,
tenacious,STRONG,
hardy,STRONG,
secure,STRONG,
irritated,ANGRY,
enraged,ANGRY,
hostile,ANGRY,
insulting,ANGRY,
sore,ANGRY,
annoyed,ANGRY,
upset,ANGRY,
hateful,ANGRY,
unpleasant,ANGRY,
offensive,ANGRY,
bitter,ANGRY,
aggressive,ANGRY,
resentful,ANGRY,
inflamed,ANGRY,
provoked,ANGRY,
incensed,ANGRY,
infuriated,ANGRY,
cross,ANGRY,
worked up,ANGRY,
boiling,ANGRY,
fuming,ANGRY,
indignant,ANGRY,
lousy,DEPRESSED,
disappointed,DEPRESSED,
discouraged,DEPRESSED,
ashamed,DEPRESSED,
powerless,DEPRESSED,
diminished,DEPRESSED,
guilty,DEPRESSED,
dissatisfied,DEPRESSED,
miserable,DEPRESSED,
detestable,DEPRESSED,
repugnant,DEPRESSED,
despicable,DEPRESSED,
disgusting,DEPRESSED,
abominable,DEPRESSED,
terrible,DEPRESSED,
in despair,DEPRESSED,
sulky,DEPRESSED,
bad,DEPRESSED,
a sense of loss,DEPRESSED,
upset,CONFUSED,
doubtful,CONFUSED,
uncertain,CONFUSED,
indecisive,CONFUSED,
perplexed,CONFUSED,
embarrassed,CONFUSED,
hesitant,CONFUSED,
shy,CONFUSED,
stupefied,CONFUSED,
disillusioned,CONFUSED,
unbelieving,CONFUSED,
skeptical,CONFUSED,
distrustful,CONFUSED,
misgiving,CONFUSED,
lost,CONFUSED,
unsure,CONFUSED,
uneasy,CONFUSED,
pessimistic,CONFUSED,
tense,CONFUSED,
incapable,HELPLESS,
alone,HELPLESS,
paralyzed,HELPLESS,
fatigued,HELPLESS,
useless,HELPLESS,
inferior,HELPLESS,
vulnerable,HELPLESS,
empty,HELPLESS,
forced,HELPLESS,
hesitant,HELPLESS,
despair,HELPLESS,
frustrated,HELPLESS,
distressed,HELPLESS,
woeful,HELPLESS,
pathetic,HELPLESS,
tragic,HELPLESS,
in a stew,HELPLESS,
dominated,HELPLESS,
insensitive,INDIFFERENT,
dull,INDIFFERENT,
nonchalant,INDIFFERENT,
neutral,INDIFFERENT,
reserved,INDIFFERENT,
weary,INDIFFERENT,
bored,INDIFFERENT,
preoccupied,INDIFFERENT,
cold,INDIFFERENT,
disinterested,INDIFFERENT,
lifeless,INDIFFERENT,
fearful,AFRAID,
terrified,AFRAID,
suspicious,AFRAID,
anxious,AFRAID,
alarmed,AFRAID,
panic,AFRAID,
nervous,AFRAID,
scared,AFRAID,
worried,AFRAID,
frightened,AFRAID,
timid,AFRAID,
shaky,AFRAID,
restless,AFRAID,
doubtful,AFRAID,
threatened,AFRAID,
cowardly,AFRAID,
quaking,AFRAID,
menaced,AFRAID,
wary,AFRAID,
crushed,HURT,
tormented,HURT,
deprived,HURT,
pained,HURT,
tortured,HURT,
dejected,HURT,
rejected,HURT,
injured,HURT,
offended,HURT,
afflicted,HURT,
aching,HURT,
victimized,HURT,
heartbroken,HURT,
agonized,HURT,
appalled,HURT,
humiliated,HURT,
wronged,HURT,
alienated,HURT,
tearful,SAD,
sorrowful,SAD,
pained,SAD,
grief,SAD,
anguish,SAD,
desolate,SAD,
desperate,SAD,
pessimistic,SAD,
unhappy,SAD,
lonely,SAD,
grieved,SAD,
mournful,SAD,
dismayed,SAD,
Annoyed ,# Soft Anger and Apathy,
Apathetic ,# Soft Anger and Apathy,
Bored ,# Soft Anger and Apathy,
Certain ,# Soft Anger and Apathy,
Cold ,# Soft Anger and Apathy,
Crabby ,# Soft Anger and Apathy,
Cranky ,# Soft Anger and Apathy,
Critical ,# Soft Anger and Apathy,
Cross ,# Soft Anger and Apathy,
Detached ,# Soft Anger and Apathy,
Displeased ,# Soft Anger and Apathy,
Frustrated ,# Soft Anger and Apathy,
Impatient ,# Soft Anger and Apathy,
Indifferent ,# Soft Anger and Apathy,
Irritated ,# Soft Anger and Apathy,
Peeved ,# Soft Anger and Apathy,
Rankled,# Soft Anger and Apathy,
Affronted ,# Medium (or Mood-State) Anger,
Aggravated ,# Medium (or Mood-State) Anger,
Angry ,# Medium (or Mood-State) Anger,
Antagonized ,# Medium (or Mood-State) Anger,
Arrogant ,# Medium (or Mood-State) Anger,
Bristling ,# Medium (or Mood-State) Anger,
Exasperated ,# Medium (or Mood-State) Anger,
Incensed ,# Medium (or Mood-State) Anger,
Indignant ,# Medium (or Mood-State) Anger,
Inflamed ,# Medium (or Mood-State) Anger,
Mad ,# Medium (or Mood-State) Anger,
Offended ,# Medium (or Mood-State) Anger,
Resentful ,# Medium (or Mood-State) Anger,
Riled up ,# Medium (or Mood-State) Anger,
Sarcastic,# Medium (or Mood-State) Anger,
Aggressive ,# Intense Anger and Hatred,
Appalled ,# Intense Anger and Hatred,
Belligerent ,# Intense Anger and Hatred,
Bitter ,# Intense Anger and Hatred,
Contemptuous ,# Intense Anger and Hatred,
Disgusted ,# Intense Anger and Hatred,
Furious ,# Intense Anger and Hatred,
Hateful ,# Intense Anger and Hatred,
Hostile ,# Intense Anger and Hatred,
Irate ,# Intense Anger and Hatred,
Livid ,# Intense Anger and Hatred,
Menacing ,# Intense Anger and Hatred,
Outraged ,# Intense Anger and Hatred,
Ranting ,# Intense Anger and Hatred,
Raving ,# Intense Anger and Hatred,
Seething ,# Intense Anger and Hatred,
Spiteful ,# Intense Anger and Hatred,
Vengeful ,# Intense Anger and Hatred,
Vicious ,# Intense Anger and Hatred,
Vindictive ,# Intense Anger and Hatred,
Violent,# Intense Anger and Hatred,
Abashed ,# Soft Shame and Guilt,
Awkward ,# Soft Shame and Guilt,
Discomfited ,# Soft Shame and Guilt,
Flushed ,# Soft Shame and Guilt,
Flustered ,# Soft Shame and Guilt,
Hesitant ,# Soft Shame and Guilt,
Humble ,# Soft Shame and Guilt,
Reticent ,# Soft Shame and Guilt,
Self-conscious ,# Soft Shame and Guilt,
Speechless ,# Soft Shame and Guilt,
Withdrawn,# Soft Shame and Guilt,
Ashamed ,# Soft Shame and Guilt,
Chagrined ,# Soft Shame and Guilt,
Contrite ,# Soft Shame and Guilt,
Culpable ,# Soft Shame and Guilt,
Embarrassed ,# Soft Shame and Guilt,
Guilty ,# Soft Shame and Guilt,
Humbled ,# Soft Shame and Guilt,
Intimidated ,# Soft Shame and Guilt,
Penitent ,# Soft Shame and Guilt,
Regretful ,# Soft Shame and Guilt,
Remorseful ,# Soft Shame and Guilt,
Reproachful ,# Soft Shame and Guilt,
Rueful ,# Soft Shame and Guilt,
Sheepish,# Soft Shame and Guilt,
Ashamed ,# Medium (or Mood-State) Shame and Guilt,
Chagrined ,# Medium (or Mood-State) Shame and Guilt,
Contrite ,# Medium (or Mood-State) Shame and Guilt,
Culpable ,# Medium (or Mood-State) Shame and Guilt,
Embarrassed ,# Medium (or Mood-State) Shame and Guilt,
Guilty ,# Medium (or Mood-State) Shame and Guilt,
Humbled ,# Medium (or Mood-State) Shame and Guilt,
Intimidated ,# Medium (or Mood-State) Shame and Guilt,
Penitent ,# Medium (or Mood-State) Shame and Guilt,
Regretful ,# Medium (or Mood-State) Shame and Guilt,
Remorseful ,# Medium (or Mood-State) Shame and Guilt,
Reproachful ,# Medium (or Mood-State) Shame and Guilt,
Rueful ,# Medium (or Mood-State) Shame and Guilt,
Sheepish,# Medium (or Mood-State) Shame and Guilt,
Belittled ,# Intense Shame and Guilt,
Degraded ,# Intense Shame and Guilt,
Demeaned ,# Intense Shame and Guilt,
Disgraced ,# Intense Shame and Guilt,
Guilt-ridden ,# Intense Shame and Guilt,
Guilt-stricken ,# Intense Shame and Guilt,
Humiliated ,# Intense Shame and Guilt,
Mortified ,# Intense Shame and Guilt,
Ostracized ,# Intense Shame and Guilt,
Self-condemning ,# Intense Shame and Guilt,
Self-flagellating ,# Intense Shame and Guilt,
Shamefaced ,# Intense Shame and Guilt,
Stigmatized,# Intense Shame and Guilt,
Alert ,# Soft Fear and Anxiety,
Apprehensive ,# Soft Fear and Anxiety,
Cautious ,# Soft Fear and Anxiety,
Concerned ,# Soft Fear and Anxiety,
Confused ,# Soft Fear and Anxiety,
Curious ,# Soft Fear and Anxiety,
Disconcerted ,# Soft Fear and Anxiety,
Disoriented ,# Soft Fear and Anxiety,
Disquieted ,# Soft Fear and Anxiety,
Doubtful ,# Soft Fear and Anxiety,
Edgy ,# Soft Fear and Anxiety,
Fidgety ,# Soft Fear and Anxiety,
Hesitant ,# Soft Fear and Anxiety,
Indecisive ,# Soft Fear and Anxiety,
Insecure ,# Soft Fear and Anxiety,
Instinctive ,# Soft Fear and Anxiety,
Intuitive ,# Soft Fear and Anxiety,
Leery ,# Soft Fear and Anxiety,
Pensive ,# Soft Fear and Anxiety,
Shy ,# Soft Fear and Anxiety,
Timid ,# Soft Fear and Anxiety,
Uneasy ,# Soft Fear and Anxiety,
Watchful,# Soft Fear and Anxiety,
Afraid ,# Medium (or Mood-State) Fear and Anxiety,
Alarmed ,# Medium (or Mood-State) Fear and Anxiety,
Anxious ,# Medium (or Mood-State) Fear and Anxiety,
Aversive ,# Medium (or Mood-State) Fear and Anxiety,
Distrustful ,# Medium (or Mood-State) Fear and Anxiety,
Fearful ,# Medium (or Mood-State) Fear and Anxiety,
Jumpy ,# Medium (or Mood-State) Fear and Anxiety,
Nervous ,# Medium (or Mood-State) Fear and Anxiety,
Perturbed ,# Medium (or Mood-State) Fear and Anxiety,
Rattled ,# Medium (or Mood-State) Fear and Anxiety,
Shaky ,# Medium (or Mood-State) Fear and Anxiety,
Startled ,# Medium (or Mood-State) Fear and Anxiety,
Suspicious ,# Medium (or Mood-State) Fear and Anxiety,
Unnerved ,# Medium (or Mood-State) Fear and Anxiety,
Unsettled ,# Medium (or Mood-State) Fear and Anxiety,
Wary ,# Medium (or Mood-State) Fear and Anxiety,
Worried,# Medium (or Mood-State) Fear and Anxiety,
Filled with Dread ,# Intense Fear and Panic,
Horrified ,# Intense Fear and Panic,
Panicked ,# Intense Fear and Panic,
Paralyzed ,# Intense Fear and Panic,
Petrified ,# Intense Fear and Panic,
Phobic ,# Intense Fear and Panic,
Shocked ,# Intense Fear and Panic,
Terrorized,# Intense Fear and Panic,
Disbelieving ,# Soft Jealousy & Envy,
Distrustful ,# Soft Jealousy & Envy,
Insecure ,# Soft Jealousy & Envy,
Protective ,# Soft Jealousy & Envy,
Suspicious ,# Soft Jealousy & Envy,
Vulnerable,# Soft Jealousy & Envy,
Covetous ,# Medium (or Mood-State) Jealousy & Envy,
Demanding ,# Medium (or Mood-State) Jealousy & Envy,
Desirous ,# Medium (or Mood-State) Jealousy & Envy,
Envious ,# Medium (or Mood-State) Jealousy & Envy,
Jealous ,# Medium (or Mood-State) Jealousy & Envy,
Threatened,# Medium (or Mood-State) Jealousy & Envy,
Avaricious ,# Intense Jealousy & Envy,
Gluttonous ,# Intense Jealousy & Envy,
Grasping ,# Intense Jealousy & Envy,
Greedy ,# Intense Jealousy & Envy,
Green with Envy ,# Intense Jealousy & Envy,
Persistently Jealous ,# Intense Jealousy & Envy,
Possessive,# Intense Jealousy & Envy,
Resentful,# Intense Jealousy & Envy,
Amused ,# Soft Happiness,
Calm ,# Soft Happiness,
Encouraged ,# Soft Happiness,
Friendly ,# Soft Happiness,
Hopeful ,# Soft Happiness,
Inspired ,# Soft Happiness,
Jovial ,# Soft Happiness,
Open ,# Soft Happiness,
Peaceful ,# Soft Happiness,
Smiling,# Soft Happiness,
Upbeat,# Soft Happiness,
Cheerful ,# Medium (or Mood-State) Happiness and Contentment,
Contented ,# Medium (or Mood-State) Happiness and Contentment,
Delighted ,# Medium (or Mood-State) Happiness and Contentment,
Excited ,# Medium (or Mood-State) Happiness and Contentment,
Fulfilled ,# Medium (or Mood-State) Happiness and Contentment,
Glad ,# Medium (or Mood-State) Happiness and Contentment,
Gleeful ,# Medium (or Mood-State) Happiness and Contentment,
Gratified ,# Medium (or Mood-State) Happiness and Contentment,
Happy ,# Medium (or Mood-State) Happiness and Contentment,
Healthy,# Medium (or Mood-State) Happiness and Contentment,
Self-esteem ,# Medium (or Mood-State) Happiness and Contentment,
Joyful ,# Medium (or Mood-State) Happiness and Contentment,
Lively ,# Medium (or Mood-State) Happiness and Contentment,
Merry ,# Medium (or Mood-State) Happiness and Contentment,
Optimistic ,# Medium (or Mood-State) Happiness and Contentment,
Playful ,# Medium (or Mood-State) Happiness and Contentment,
Pleased ,# Medium (or Mood-State) Happiness and Contentment,
Proud ,# Medium (or Mood-State) Happiness and Contentment,
Rejuvenated ,# Medium (or Mood-State) Happiness and Contentment,
Satisfied,# Medium (or Mood-State) Happiness and Contentment,
Awe-filled ,"# Intense Happiness, Contentment, and Joy",
Blissful ,"# Intense Happiness, Contentment, and Joy",
Ecstatic ,"# Intense Happiness, Contentment, and Joy",
Egocentric ,"# Intense Happiness, Contentment, and Joy",
Elated ,"# Intense Happiness, Contentment, and Joy",
Enthralled ,"# Intense Happiness, Contentment, and Joy",
Euphoric ,"# Intense Happiness, Contentment, and Joy",
Exhilarated ,"# Intense Happiness, Contentment, and Joy",
Giddy ,"# Intense Happiness, Contentment, and Joy",
Jubilant ,"# Intense Happiness, Contentment, and Joy",
Manic ,"# Intense Happiness, Contentment, and Joy",
Overconfident ,"# Intense Happiness, Contentment, and Joy",
Overjoyed ,"# Intense Happiness, Contentment, and Joy",
Radiant ,"# Intense Happiness, Contentment, and Joy",
Rapturous ,"# Intense Happiness, Contentment, and Joy",
Self-aggrandized ,"# Intense Happiness, Contentment, and Joy",
Thrilled,"# Intense Happiness, Contentment, and Joy",
Contemplative ,# Soft Sadness,
Disappointed ,# Soft Sadness,
Disconnected ,# Soft Sadness,
Distracted ,# Soft Sadness,
Grounded ,# Soft Sadness,
Listless ,# Soft Sadness,
Low ,# Soft Sadness,
Steady ,# Soft Sadness,
Regretful ,# Soft Sadness,
Wistful,# Soft Sadness,
Dejected ,"# Medium (or Mood-State) Sadness, Grief, and Depression",
Discouraged ,"# Medium (or Mood-State) Sadness, Grief, and Depression",
Dispirited ,"# Medium (or Mood-State) Sadness, Grief, and Depression",
Down ,"# Medium (or Mood-State) Sadness, Grief, and Depression",
Downtrodden ,"# Medium (or Mood-State) Sadness, Grief, and Depression",
Drained ,"# Medium (or Mood-State) Sadness, Grief, and Depression",
Forlorn ,"# Medium (or Mood-State) Sadness, Grief, and Depression",
Gloomy ,"# Medium (or Mood-State) Sadness, Grief, and Depression",
Grieving ,"# Medium (or Mood-State) Sadness, Grief, and Depression",
Heavy-hearted ,"# Medium (or Mood-State) Sadness, Grief, and Depression",
Melancholy ,"# Medium (or Mood-State) Sadness, Grief, and Depression",
Mournful ,"# Medium (or Mood-State) Sadness, Grief, and Depression",
Sad ,"# Medium (or Mood-State) Sadness, Grief, and Depression",
Sorrowful ,"# Medium (or Mood-State) Sadness, Grief, and Depression",
Weepy ,"# Medium (or Mood-State) Sadness, Grief, and Depression",
World-weary,"# Medium (or Mood-State) Sadness, Grief, and Depression",
Anguished ,"# Intense Sadness, Grief, and Depression",
Bereaved ,"# Intense Sadness, Grief, and Depression",
Bleak ,"# Intense Sadness, Grief, and Depression",
Depressed ,"# Intense Sadness, Grief, and Depression",
Despairing ,"# Intense Sadness, Grief, and Depression",
Despondent ,"# Intense Sadness, Grief, and Depression",
Grief-stricken ,"# Intense Sadness, Grief, and Depression",
Heartbroken ,"# Intense Sadness, Grief, and Depression",
Hopeless ,"# Intense Sadness, Grief, and Depression",
Inconsolable ,"# Intense Sadness, Grief, and Depression",
Morose,"# Intense Sadness, Grief, and Depression",
Apathetic ,# Soft Depression and Suicidal Urges,
"Constantly Irritated, Angry, or Enraged",# Soft Depression and Suicidal Urges,
Depressed ,# Soft Depression and Suicidal Urges,
Discouraged ,# Soft Depression and Suicidal Urges,
Disinterested ,# Soft Depression and Suicidal Urges,
Dispirited ,# Soft Depression and Suicidal Urges,
Feeling Worthless ,# Soft Depression and Suicidal Urges,
Flat ,# Soft Depression and Suicidal Urges,
Helpless ,# Soft Depression and Suicidal Urges,
Humorless ,# Soft Depression and Suicidal Urges,
Impulsive ,# Soft Depression and Suicidal Urges,
Indifferent ,# Soft Depression and Suicidal Urges,
Isolated ,# Soft Depression and Suicidal Urges,
Lethargic ,# Soft Depression and Suicidal Urges,
Listless ,# Soft Depression and Suicidal Urges,
Melancholy ,# Soft Depression and Suicidal Urges,
Pessimistic ,# Soft Depression and Suicidal Urges,
Purposeless ,# Soft Depression and Suicidal Urges,
Withdrawn ,# Soft Depression and Suicidal Urges,
World-weary,# Soft Depression and Suicidal Urges,
Bereft ,# Medium (or Mood-State) Depression and Suicidal Urges,
Crushed ,# Medium (or Mood-State) Depression and Suicidal Urges,
Desolate ,# Medium (or Mood-State) Depression and Suicidal Urges,
Despairing ,# Medium (or Mood-State) Depression and Suicidal Urges,
Desperate ,# Medium (or Mood-State) Depression and Suicidal Urges,
Drained ,# Medium (or Mood-State) Depression and Suicidal Urges,
Empty ,# Medium (or Mood-State) Depression and Suicidal Urges,
Fatalistic ,# Medium (or Mood-State) Depression and Suicidal Urges,
Hopeless ,# Medium (or Mood-State) Depression and Suicidal Urges,
Joyless ,# Medium (or Mood-State) Depression and Suicidal Urges,
Miserable ,# Medium (or Mood-State) Depression and Suicidal Urges,
Morbid ,# Medium (or Mood-State) Depression and Suicidal Urges,
Overwhelmed ,# Medium (or Mood-State) Depression and Suicidal Urges,
Passionless ,# Medium (or Mood-State) Depression and Suicidal Urges,
Pleasureless ,# Medium (or Mood-State) Depression and Suicidal Urges,
Sullen,# Medium (or Mood-State) Depression and Suicidal Urges,
Agonized ,# Intense Suicidal Urges,
Anguished ,# Intense Suicidal Urges,
Bleak ,# Intense Suicidal Urges,
Death-seeking ,# Intense Suicidal Urges,
Devastated ,# Intense Suicidal Urges,
Doomed ,# Intense Suicidal Urges,
Gutted ,# Intense Suicidal Urges,
Nihilistic ,# Intense Suicidal Urges,
Numbed ,# Intense Suicidal Urges,
Reckless ,# Intense Suicidal Urges,
Self-destructive ,# Intense Suicidal Urges,
Suicidal ,# Intense Suicidal Urges,
Tormented ,# Intense Suicidal Urges,
Tortured,# Intense Suicidal Urges,
blissful,# Positive,
brave,# Positive,
careful,# Positive,
cautious,# Positive,
clever,# Positive,
concentrated,# Positive,
confident,# Positive,
curious,# Positive,
ecstatic,# Positive,
excited,# Positive,
fair,# Positive,
fantastic,# Positive,
friendly,# Positive,
glad,# Positive,
good,# Positive,
great,# Positive,
happy,# Positive,
honest,# Positive,
innocent,# Positive,
interested,# Positive,
joyful,# Positive,
mediative,# Positive,
nice,# Positive,
optimistic,# Positive,
pleasant,# Positive,
quiet,# Positive,
satisfied,# Positive,
sensible,# Positive,
serious,# Positive,
surprised,# Positive,
"to be in love,lovestruck",# Positive,
to be pleased,# Positive,
to be proud of,# Positive,
wonderful,# Positive,
aggressive,# Negative ,
agonized,# Negative ,
angry,# Negative ,
annoyed,# Negative ,
arrogant,# Negative ,
awful,# Negative ,
bad,# Negative ,
bored,# Negative ,
confused,# Negative ,
crazy,# Negative ,
disappointed,# Negative ,
disbelieving,# Negative ,
disgusted,# Negative ,
enraged,# Negative ,
exhausted,# Negative ,
frightened,# Negative ,
frustrated,# Negative ,
grieving,# Negative ,
guilty,# Negative ,
hangover,# Negative ,
helpless,# Negative ,
horrified,# Negative ,
hurt,# Negative ,
hysterical,# Negative ,
idiotic,# Negative ,
indifferent,# Negative ,
lonely,# Negative ,
lovesick,# Negative ,
mad,# Negative ,
mischievous,# Negative ,
miserable,# Negative ,
nasty,# Negative ,
nervous,# Negative ,
puzzled,# Negative ,
sad,# Negative ,
sheepish,# Negative ,
shocked,# Negative ,
silly,# Negative ,
smug,# Negative ,
sorry,# Negative ,
strange,# Negative ,
stupid,# Negative ,
suspicious,# Negative ,
terrible,# Negative ,
to be jealous of sb,# Negative ,
upset,# Negative ,
